site,date,longitude,latitude,reg01,reg02,reg03,reg04,reg05,reg06,reg07,reg08,reg09,reg10,reg11,reg12,reg13,reg14,reg15,reg16,reg17
text,yyyymmdd,dd,dd,ppm,ppm,ppm,ppm,ppm,ppm,ppm,ppm,ppm,ppm,ppm,ppm,ppm,ppm,ppm,ppm,ppm
ARV,20101101,-118.7887,35.239,1.9100E-05,1.7644E-04,1.1299E-03,9.0061E-02,-7.5200E-06,7.1508E-04,2.0874E-02,1.7672E-01,4.0010E-02,1.6997E-01,6.7424E-01,8.6999E-03,3.2146E-04,2.1604E-04,1.0800E-05,7.0604E+00,1.8453E-02
ARV,20101103,-118.7887,35.239,2.5755E-03,5.7800E-05,-9.5998E-04,5.5642E-03,4.0400E-05,6.8810E-01,3.1076E-04,2.2496E-03,2.4550E-03,5.8176E-01,3.1775E-02,2.5797E-03,-3.4900E-07,2.2000E-06,-9.7500E-05,1.9034E+00,5.6596E-01
ARV,20101105,-118.7887,35.239,3.8311E-03,4.0943E-03,9.1692E-03,2.1131E-03,1.0996E-03,-1.5376E-03,4.2818E-03,2.8281E-03,9.3374E-03,8.3770E-02,1.6659E-01,7.3158E-01,1.4022E-01,7.6195E-02,-1.3664E-04,-3.3726E-02,3.9118E-01
ARV,20101107,-118.7887,35.239,2.6271E-04,1.1961E-02,2.1249E-02,1.0756E-02,1.1768E-03,8.0104E-04,9.8161E-03,1.3981E-02,3.5879E-02,1.9032E-01,5.8551E-01,1.0485E-01,1.9374E-02,4.4065E-02,-2.1900E-05,2.9636E+00,5.7031E-01
ARV,20101109,-118.7887,35.239,1.5657E-01,2.9506E-01,4.3050E-01,-1.0578E-01,5.2561E-02,-1.1043E-04,-2.4627E-03,1.8094E-01,2.7242E-02,1.5618E-02,1.1981E-01,0.0000E+00,0.0000E+00,0.0000E+00,8.4900E-06,4.4332E-01,-2.1521E-03
ARV,20101111,-118.7887,35.239,9.0735E-02,1.0743E-01,8.5438E-02,4.1560E-02,1.3369E-02,1.6892E-01,5.3292E-02,3.3414E-02,3.2887E-02,-3.0975E-01,3.6966E-01,9.5823E-03,0.0000E+00,0.0000E+00,7.0028E-04,-6.0131E-01,2.2634E-01
ARV,20101113,-118.7887,35.239,3.1724E-02,1.6005E-01,8.1422E-02,3.9853E-01,1.8683E-02,2.4213E-01,3.0511E-01,7.5977E-01,2.5888E-01,1.5242E-01,1.3413E+00,2.1185E-02,0.0000E+00,0.0000E+00,1.7717E-02,7.6202E+00,1.9512E-01
ARV,20101115,-118.7887,35.239,2.5344E-01,1.4659E-02,6.9297E-01,5.2316E-01,1.1670E-02,2.5439E-01,2.0364E-01,5.6434E-01,3.2298E-01,1.0240E+00,8.3662E-01,2.4814E-01,0.0000E+00,1.3572E-03,1.2821E-02,1.2118E+01,3.4206E-01
ARV,20101117,-118.7887,35.239,2.0318E-01,1.1577E-01,8.6243E-01,8.7371E-01,2.1524E-02,2.5715E-01,2.9064E-01,6.8531E-01,5.6351E-01,2.9889E-01,1.5005E+00,3.9995E-02,-5.4100E-07,5.9300E-04,2.4698E-02,1.1734E+01,4.2059E-01
ARV,20101119,-118.7887,35.239,6.7027E-03,1.1318E-04,1.8692E-02,9.0370E-02,5.8911E-04,6.4665E-02,1.9944E-02,3.9040E-02,1.0946E-01,3.8097E-01,8.8813E-01,8.8929E-02,6.9603E-02,8.2731E-02,4.2496E-03,1.2758E+01,2.4169E-01
ARV,20101123,-118.7887,35.239,0.0000E+00,3.7055E-03,3.0954E-04,2.0324E-04,6.6100E-05,1.1446E-04,6.4078E-02,8.1033E-02,3.8641E-01,0.0000E+00,4.3349E-01,0.0000E+00,0.0000E+00,0.0000E+00,0.0000E+00,6.8920E-01,6.4637E-03
ARV,20101125,-118.7887,35.239,-1.3699E-02,-4.8138E-03,1.0828E-01,8.1924E-02,-1.8117E-03,3.0325E-02,6.0929E-03,-7.2293E-02,5.4023E-02,-2.2473E-01,4.7917E-01,2.4504E-02,0.0000E+00,0.0000E+00,6.7034E-04,-5.8712E-01,7.6819E-03
ARV,20101127,-118.7887,35.239,-2.8265E-03,-3.2295E-02,-3.3750E-03,1.6378E-02,-4.0358E-03,5.1564E-02,5.2518E-02,8.7784E-02,4.1739E-01,1.6654E-01,1.1417E+00,1.2701E-02,0.0000E+00,3.9273E-04,2.9200E-06,3.7580E+00,-3.3263E-02
ARV,20101129,-118.7887,35.239,1.6414E-01,2.1584E-01,6.1378E-01,-8.2960E-02,2.6259E-02,5.2133E-03,5.9138E-02,-2.2071E-01,2.0152E-02,5.1450E-02,1.8591E-01,2.1050E-02,0.0000E+00,0.0000E+00,-5.4239E-03,-8.8156E-01,1.3099E-01
CIT,20101101,-118.1225,34.1406,-1.0100E-06,6.0200E-05,-1.0176E-04,-3.4013E-04,-1.1997E-04,3.3041E-03,7.5260E-04,1.6668E-03,1.1046E-02,4.0482E-01,5.6841E-01,1.6602E-01,1.6427E-02,1.1723E-03,-1.8500E-05,3.9519E-02,-1.0282E-02
CIT,20101103,-118.1225,34.1406,1.0763E-03,5.5100E-07,2.5332E-03,6.0369E-02,3.0200E-07,-1.1849E-03,8.3583E-04,1.3246E-03,3.8446E-04,9.6994E-01,1.5767E-01,3.3566E+00,3.8519E-01,6.8437E-03,6.4525E-04,1.3041E-03,3.1510E-01
CIT,20101105,-118.1225,34.1406,-4.2062E-03,3.8551E-02,4.0882E-02,-2.1611E-04,1.2399E-03,1.5965E-03,2.4010E-03,2.1029E-03,1.2755E-03,1.7875E-02,-7.4500E-05,-9.0111E-02,3.8554E-02,9.4250E-01,9.9900E-05,-3.1574E-04,1.6518E+00
CIT,20101107,-118.1225,34.1406,1.7732E-02,2.5893E-01,3.5498E-01,2.0804E-01,5.7804E-02,4.9621E-02,4.4244E-01,3.1876E-01,2.8560E-01,1.2323E-01,2.3111E-01,1.1962E-01,1.8048E-02,2.9341E-02,6.5668E-04,4.9278E-01,2.7934E-01
CIT,20101109,-118.1225,34.1406,2.1037E-02,-4.9502E-02,1.1672E-01,5.2462E-02,1.8482E-02,1.7214E-02,9.0576E-02,9.2634E-02,5.3115E-02,2.3414E-01,-1.3006E-02,1.1909E+00,0.0000E+00,6.2282E-03,1.9518E-04,3.6849E-02,-6.1567E-02
CIT,20101111,-118.1225,34.1406,3.2619E-02,2.3489E-02,8.1985E-03,1.2157E-02,1.6491E-03,5.5461E-02,2.0185E-03,-5.2506E-04,0.0000E+00,-1.1325E-01,0.0000E+00,-3.7117E-01,0.0000E+00,0.0000E+00,3.9957E-04,6.0116E-03,4.0998E-01
CIT,20101113,-118.1225,34.1406,2.0256E-02,1.3713E-02,2.5249E-03,1.1651E-03,1.1351E-03,1.8921E-01,-1.4863E-04,-1.2694E-03,-6.6001E-04,3.1737E-01,1.0875E-01,2.5963E+00,3.6079E-03,5.8982E-03,3.7401E-04,2.0945E-01,2.7245E-01
CIT,20101115,-118.1225,34.1406,6.1101E-02,8.5975E-03,1.5107E-02,1.1544E-01,7.8686E-04,1.4146E-01,7.9300E-05,-1.9627E-03,-3.1349E-04,2.2560E-01,7.2099E-02,1.0829E+00,1.4364E-02,3.1860E-01,6.8985E-03,5.3787E-02,7.1828E-01
CIT,20101117,-118.1225,34.1406,3.8671E-02,-5.0862E-03,-1.2956E-02,3.3161E-01,-4.7067E-04,3.9223E-01,3.1986E-03,2.5891E-02,1.1338E-02,4.7779E-01,3.2963E-01,1.9836E+00,2.2304E-01,8.0200E-02,1.5434E-02,8.8967E-01,4.5181E-01
CIT,20101119,-118.1225,34.1406,4.3194E-02,2.3242E-02,9.1332E-02,1.3620E-01,3.7969E-03,1.0608E-01,8.0200E-02,1.0241E-01,2.3119E-01,2.7513E-01,4.6839E-01,7.9844E-01,1.0706E-01,2.1445E-01,4.7459E-03,5.9171E-01,5.6832E-01
CIT,20101121,-118.1225,34.1406,0.0000E+00,0.0000E+00,0.0000E+00,0.0000E+00,0.0000E+00,0.0000E+00,0.0000E+00,0.0000E+00,0.0000E+00,0.0000E+00,-1.1473E-01,-9.0324E-02,0.0000E+00,0.0000E+00,0.0000E+00,0.0000E+00,-9.4044E-02
CIT,20101123,-118.1225,34.1406,0.0000E+00,4.1910E-04,5.8200E-05,0.0000E+00,6.4400E-05,0.0000E+00,1.8496E-02,9.1366E-03,1.3479E-01,2.1629E-02,8.9796E-01,3.6471E-01,0.0000E+00,0.0000E+00,0.0000E+00,-4.1160E-02,3.1172E-01
CIT,20101125,-118.1225,34.1406,-1.5141E-02,-4.7546E-02,-1.9171E-02,2.1621E-02,-6.2759E-03,-1.3910E-03,8.7692E-03,3.7874E-02,5.9797E-02,1.4405E-01,1.5267E-01,4.3613E-01,-7.7000E-05,-8.2836E-03,7.9265E-04,1.4748E-01,-1.6063E-02
CIT,20101127,-118.1225,34.1406,-3.0529E-03,-3.6793E-02,9.4338E-02,1.6799E-01,-3.6857E-03,6.7858E-02,3.5230E-02,1.2779E-01,5.4637E-02,1.4809E-01,2.4786E+00,9.3883E-01,1.3582E-02,4.3439E-02,2.6832E-03,1.3152E+00,1.0093E-01
CIT,20101129,-118.1225,34.1406,3.9691E-02,7.8709E-02,1.3964E-01,6.1773E-02,1.1821E-02,8.5749E-03,6.5289E-02,9.1716E-02,3.4448E-02,1.1578E-01,8.4151E-03,1.6433E-01,0.0000E+00,-1.8678E-04,4.2939E-04,-6.2922E-02,-2.1230E-03
LVR,20101101,-121.7083,37.6741,0.0000E+00,4.1526E-02,6.7577E-01,0.0000E+00,4.2708E-02,0.0000E+00,2.4281E-01,6.6994E-04,4.2901E-03,0.0000E+00,9.8200E-06,0.0000E+00,0.0000E+00,0.0000E+00,0.0000E+00,0.0000E+00,1.8351E-01
LVR,20101103,-121.7083,37.6741,1.2598E-01,1.7854E-01,4.7923E+00,1.3100E+00,2.2689E-02,3.7431E-01,-6.2895E-02,8.7810E-01,2.9899E-01,3.2714E-01,7.8695E-02,7.1452E-02,0.0000E+00,6.9120E-04,4.9612E-03,1.0533E+00,1.0428E-01
LVR,20101105,-121.7083,37.6741,1.0020E-01,3.4836E-01,4.7849E-01,2.2162E-01,9.5384E-02,1.2859E-01,2.9178E-01,5.1527E-01,9.3542E-01,9.9883E-02,5.0665E-01,1.2345E-01,3.8678E-02,3.8498E-02,1.1630E-04,1.1869E+00,7.5118E-01
LVR,20101107,-121.7083,37.6741,0.0000E+00,5.0408E-02,5.7105E-03,0.0000E+00,9.4261E-03,6.1600E-07,-1.6812E-01,0.0000E+00,1.1847E-01,-6.9800E-05,4.1982E-02,4.6600E-05,4.2000E-06,4.0100E-06,0.0000E+00,3.5197E-03,3.8370E-02
LVR,20101109,-121.7083,37.6741,0.0000E+00,1.0750E+00,1.9041E-03,0.0000E+00,1.8494E-03,0.0000E+00,-6.3629E-01,0.0000E+00,0.0000E+00,0.0000E+00,0.0000E+00,0.0000E+00,0.0000E+00,0.0000E+00,0.0000E+00,0.0000E+00,-4.4530E-02
LVR,20101111,-121.7083,37.6741,1.9365E-01,1.0163E-01,4.4814E-01,8.6855E-01,4.5928E-03,1.6216E-01,-1.0252E+00,1.6205E-04,0.0000E+00,0.0000E+00,0.0000E+00,0.0000E+00,0.0000E+00,0.0000E+00,8.3897E-02,0.0000E+00,5.2793E-01
LVR,20101113,-121.7083,37.6741,1.0595E+00,1.6315E-01,5.6620E-01,1.1800E+00,9.1290E-04,1.7656E-02,-4.5834E-01,-1.7900E-06,0.0000E+00,0.0000E+00,0.0000E+00,0.0000E+00,0.0000E+00,0.0000E+00,4.9620E-02,-4.5100E-06,4.6106E-01
LVR,20101115,-121.7083,37.6741,7.6889E-01,2.2849E-01,3.2321E-01,7.5067E-01,0.0000E+00,0.0000E+00,-3.4762E-01,0.0000E+00,0.0000E+00,0.0000E+00,0.0000E+00,0.0000E+00,0.0000E+00,0.0000E+00,1.3274E-02,0.0000E+00,5.0282E-01
LVR,20101117,-121.7083,37.6741,-2.9499E-01,2.4820E-02,2.4273E+00,5.4178E-01,1.4298E-02,1.3462E-03,-1.9873E+00,-2.9466E-02,0.0000E+00,0.0000E+00,0.0000E+00,0.0000E+00,0.0000E+00,0.0000E+00,1.6922E-03,0.0000E+00,6.9891E-02
LVR,20101119,-121.7083,37.6741,0.0000E+00,3.5812E-01,4.1957E-03,0.0000E+00,2.2220E-02,0.0000E+00,1.3621E+00,2.1718E-02,2.7195E-02,0.0000E+00,0.0000E+00,0.0000E+00,0.0000E+00,0.0000E+00,0.0000E+00,0.0000E+00,5.4147E-01
LVR,20101121,-121.7083,37.6741,5.8332E-03,4.6915E-02,1.0052E-03,0.0000E+00,1.2304E-04,0.0000E+00,-3.9979E-01,0.0000E+00,0.0000E+00,0.0000E+00,0.0000E+00,0.0000E+00,0.0000E+00,0.0000E+00,0.0000E+00,0.0000E+00,-2.5652E-01
LVR,20101123,-121.7083,37.6741,0.0000E+00,-7.2825E-03,0.0000E+00,0.0000E+00,0.0000E+00,0.0000E+00,-1.0967E+00,0.0000E+00,2.8324E-03,0.0000E+00,0.0000E+00,0.0000E+00,0.0000E+00,0.0000E+00,0.0000E+00,0.0000E+00,-2.1723E-01
LVR,20101125,-121.7083,37.6741,-2.6397E-01,2.7844E-02,9.2898E-01,2.5576E-02,4.7983E-02,0.0000E+00,-1.1080E+00,-8.4112E-01,0.0000E+00,0.0000E+00,0.0000E+00,0.0000E+00,0.0000E+00,0.0000E+00,-2.2949E-04,0.0000E+00,-8.7035E-03
LVR,20101127,-121.7083,37.6741,0.0000E+00,0.0000E+00,0.0000E+00,0.0000E+00,0.0000E+00,0.0000E+00,-6.0795E-01,0.0000E+00,0.0000E+00,0.0000E+00,0.0000E+00,0.0000E+00,0.0000E+00,0.0000E+00,0.0000E+00,0.0000E+00,-8.2537E-03
LVR,20101129,-121.7083,37.6741,-3.8288E-02,5.2542E-02,4.0658E+00,4.4526E-01,9.3653E-02,0.0000E+00,-1.7774E+00,5.3266E-03,-7.2697E-03,0.0000E+00,-7.5746E-03,0.0000E+00,0.0000E+00,0.0000E+00,0.0000E+00,-5.8602E-03,1.2022E-01
SBC,20101101,-117.313,34.0855,0.0000E+00,0.0000E+00,0.0000E+00,-4.2163E-03,0.0000E+00,-5.9513E-03,0.0000E+00,-4.6004E-03,-4.5992E-04,8.8434E-02,7.3800E-02,-5.3411E-02,-1.8840E-02,-3.4800E-05,0.0000E+00,5.8299E-03,6.7632E-02
SBC,20101103,-117.313,34.0855,1.5605E-03,4.2600E-06,6.9728E-03,1.2090E-02,0.0000E+00,1.2215E-02,-2.3245E-02,-2.3337E-02,-1.2689E-02,1.3418E-01,2.0419E-04,2.0352E-01,6.1188E-02,-1.0205E-02,-2.4900E-06,2.1962E-02,7.8265E-01
SBC,20101105,-117.313,34.0855,2.5101E-02,1.0672E-02,1.3343E-02,1.3971E-03,8.3780E-04,6.0283E-04,7.4643E-03,3.8337E-03,8.9729E-03,1.4744E-02,1.4009E-03,-4.8955E-01,1.2994E-01,5.5598E-01,1.5563E-04,7.3263E-03,1.6824E+00
SBC,20101107,-117.313,34.0855,4.1281E-02,6.8240E-02,1.3007E-01,6.6550E-02,1.7951E-02,2.1916E-02,1.7453E-01,1.4058E-01,2.0968E-01,7.4931E-02,1.9266E-01,1.1548E-01,2.0130E-02,2.1157E-02,1.4788E-04,2.3593E-01,1.9483E-01
SBC,20101109,-117.313,34.0855,2.2527E-02,1.2498E-03,1.0202E-01,2.7173E-02,1.3672E-02,3.7231E-02,9.4718E-02,8.6582E-02,9.5187E-02,1.0441E-03,1.0070E-02,-9.5603E-01,6.3040E-02,2.8052E-01,9.0197E-04,1.3025E-01,1.1300E-02
SBC,20101111,-117.313,34.0855,5.4535E-02,1.0177E-01,6.4839E-02,7.6423E-03,7.0812E-03,1.8219E-02,5.3405E-03,4.6100E-05,0.0000E+00,-1.4600E-01,0.0000E+00,-1.5149E-01,0.0000E+00,0.0000E+00,-2.3880E-04,4.1057E-03,5.6183E-01
SBC,20101113,-117.313,34.0855,-3.8300E-03,1.1619E-02,-4.6856E-03,-6.4973E-04,9.3733E-04,3.4737E-02,7.3619E-03,4.9569E-03,5.4080E-03,-2.7973E-01,0.0000E+00,-1.6371E-01,1.2576E-04,0.0000E+00,1.5653E-04,1.3782E-04,5.1140E-01
SBC,20101115,-117.313,34.0855,1.2040E-02,-3.8073E-03,-2.2501E-03,-1.2116E-02,-1.7429E-04,1.0463E-01,0.0000E+00,-3.2186E-03,5.5000E-05,3.1204E-01,4.2932E-03,6.5969E-01,2.9037E-02,1.6039E-01,-9.8400E-05,7.8183E-03,8.4873E-01
SBC,20101117,-117.313,34.0855,1.8543E-01,3.3035E-02,1.7656E-02,1.4256E-01,4.0748E-04,1.0973E-01,7.7933E-03,2.5537E-02,1.6425E-02,7.2071E-01,2.2502E-01,1.9808E+00,2.6417E-01,9.7245E-02,7.9134E-03,6.2128E-01,2.7296E-01
SBC,20101119,-117.313,34.0855,1.5535E-02,1.3331E-03,6.3958E-03,4.2357E-02,3.6268E-04,5.9786E-02,3.3488E-03,1.0515E-02,1.1308E-02,2.1794E-01,1.9099E-01,1.1028E+00,2.1769E-01,1.0364E+00,1.8878E-03,3.9709E-01,3.2444E-01
SBC,20101121,-117.313,34.0855,0.0000E+00,0.0000E+00,0.0000E+00,0.0000E+00,0.0000E+00,0.0000E+00,0.0000E+00,0.0000E+00,0.0000E+00,0.0000E+00,-4.8782E-02,-2.2019E-01,0.0000E+00,0.0000E+00,0.0000E+00,0.0000E+00,-2.0629E-02
SBC,20101123,-117.313,34.0855,0.0000E+00,3.3467E-04,0.0000E+00,0.0000E+00,0.0000E+00,0.0000E+00,1.0266E-02,1.5851E-03,3.7833E-02,0.0000E+00,1.1288E+00,-5.7816E-01,0.0000E+00,0.0000E+00,0.0000E+00,1.8444E-03,1.5571E-01
SBC,20101125,-117.313,34.0855,-3.4176E-03,-4.7238E-02,-5.4098E-03,5.1377E-03,-2.5175E-03,1.2798E-02,1.8274E-02,1.9384E-02,6.1966E-02,5.7031E-01,5.8872E-02,-7.9015E-02,2.9466E-01,-5.5673E-02,1.8189E-04,8.0011E-02,-4.1447E-02
SBC,20101127,-117.313,34.0855,-1.4831E-02,-2.2004E-02,-1.4959E-02,2.7710E-02,-1.7392E-03,2.8597E-02,1.9680E-03,6.2903E-03,1.0201E-02,9.4556E-02,-2.4044E-02,-8.1085E-01,3.8882E-03,1.1932E-01,4.5122E-04,1.1549E-01,-9.6191E-02
SBC,20101129,-117.313,34.0855,4.0006E-02,2.1486E-03,3.3030E-03,-4.3862E-02,2.5039E-04,2.1148E-02,0.0000E+00,0.0000E+00,0.0000E+00,-1.5262E-01,0.0000E+00,-2.8212E-01,0.0000E+00,0.0000E+00,-2.2086E-03,-5.5600E-06,1.6313E-01
SIO,20101101,-117.25,32.8667,0.0000E+00,0.0000E+00,0.0000E+00,0.0000E+00,0.0000E+00,3.3682E-04,0.0000E+00,0.0000E+00,2.1369E-02,-1.3478E-02,1.3316E+00,1.3105E+00,4.2002E-02,5.0818E-01,0.0000E+00,9.1490E-02,-4.0570E+00
SIO,20101103,-117.25,32.8667,1.8125E-02,1.2658E-02,3.0730E-02,1.1007E-02,2.2145E-03,-8.1045E-03,1.4316E-03,-1.8741E-03,2.3357E-02,1.0181E-01,4.5114E-01,1.7954E-01,1.2045E-01,2.2807E+00,-3.8037E-04,4.2223E-01,-3.7725E+00
SIO,20101105,-117.25,32.8667,4.8366E-02,1.7745E-02,1.3718E-02,-2.6333E-03,6.3615E-04,2.0484E-04,2.2844E-03,-1.0462E-03,-4.8500E-05,2.1494E-02,6.7700E-05,4.6514E-02,1.5276E-01,-2.5864E+00,3.9400E-05,1.5502E-03,-7.9931E-01
SIO,20101107,-117.25,32.8667,5.8619E-02,3.2736E-01,4.8187E-01,2.3173E-01,8.5530E-02,2.6733E-02,5.5700E-01,3.3794E-01,2.5326E-01,1.4035E-01,2.5769E-01,8.5919E-02,2.0007E-02,-6.0567E-01,3.3814E-04,3.4646E-01,-6.4290E-01
SIO,20101109,-117.25,32.8667,3.1478E-02,-2.0911E-02,9.6843E-02,3.9759E-02,9.1793E-03,2.5238E-02,6.7351E-02,5.9764E-02,3.3982E-02,2.2830E-01,-5.6373E-02,1.7202E+00,7.4773E-04,-1.0446E+00,-1.4613E-04,-1.2550E-01,-3.7505E+00
SIO,20101111,-117.25,32.8667,5.0540E-02,3.7728E-02,6.5148E-02,7.0196E-02,1.9198E-03,5.4012E-02,1.7608E-02,1.5534E-02,1.4105E-02,1.3502E-01,1.4306E-02,1.7607E-01,6.1169E-02,-3.0529E-01,3.2503E-03,8.4359E-02,1.5023E-01
SIO,20101113,-117.25,32.8667,8.1631E-03,-4.1955E-03,-1.5688E-02,-6.2682E-03,-6.2119E-04,3.7174E-03,-8.8000E-05,-1.2170E-04,5.5700E-06,8.5659E-02,-2.6121E-04,2.1264E-01,8.1130E-02,-1.4190E-01,-1.2044E-04,-1.8117E-03,-6.2180E+00
SIO,20101115,-117.25,32.8667,2.9907E-02,2.2666E-02,6.8273E-03,1.3688E-01,7.7500E-05,5.3083E-02,0.0000E+00,-4.4655E-04,-9.6800E-08,1.1804E-01,-1.1436E-02,2.4805E-01,9.6125E-02,3.5055E+00,1.0005E-02,-9.3201E-03,-1.3289E+00
SIO,20101117,-117.25,32.8667,2.5652E-02,-4.2867E-03,-1.0292E-03,4.8438E-02,-7.4800E-05,3.5720E-02,-2.6647E-04,1.2395E-03,1.1112E-04,2.9394E-01,1.4218E-03,2.2549E+00,4.0164E-01,5.4816E+00,3.1410E-03,1.4608E-01,-1.6492E+00
SIO,20101119,-117.25,32.8667,1.8658E-02,5.6702E-03,2.3452E-02,1.0789E-01,1.4701E-03,9.8503E-02,2.8412E-02,4.4530E-02,7.0302E-02,3.2527E-01,1.3127E-01,1.0284E+00,8.2586E-01,1.3661E+00,4.7392E-03,4.1258E-01,1.8808E+00
SIO,20101121,-117.25,32.8667,0.0000E+00,0.0000E+00,0.0000E+00,0.0000E+00,0.0000E+00,0.0000E+00,0.0000E+00,0.0000E+00,0.0000E+00,0.0000E+00,0.0000E+00,0.0000E+00,0.0000E+00,-6.2370E-01,0.0000E+00,0.0000E+00,-5.1608E-01
SIO,20101123,-117.25,32.8667,0.0000E+00,3.0400E-06,0.0000E+00,0.0000E+00,0.0000E+00,0.0000E+00,0.0000E+00,0.0000E+00,4.8274E-02,0.0000E+00,7.5324E-02,0.0000E+00,0.0000E+00,-3.5289E-02,0.0000E+00,2.7911E-04,-3.3880E-02
SIO,20101125,-117.25,32.8667,-2.6823E-03,-3.5293E-02,-9.1466E-03,5.3319E-03,-1.9043E-03,2.9045E-03,1.0856E-02,1.2527E-02,4.8297E-02,1.7769E-02,7.7789E-02,3.2305E-02,4.0964E-02,-1.4872E+00,3.5912E-04,5.5644E-02,-3.2404E+00
SIO,20101127,-117.25,32.8667,1.5884E-03,-1.3540E-02,-1.1535E-03,2.2495E-03,-1.3963E-03,8.0178E-02,3.8992E-02,5.3229E-02,2.3617E-01,1.1740E-01,8.0891E-01,3.4359E-02,4.7511E-04,-4.7840E-01,1.3585E-04,3.5651E-01,-5.1542E-01
SIO,20101129,-117.25,32.8667,9.4539E-03,2.7541E-02,2.0598E-02,1.5474E-03,3.6924E-03,1.4987E-02,1.6762E-02,9.7483E-03,8.5187E-03,3.2864E-01,-1.2920E-02,9.7066E-01,6.9582E-01,-1.8616E+00,-1.1957E-04,4.6352E-02,3.7296E-02
STB,20101101,-121.8205,39.2055,0.0000E+00,5.2258E-02,1.0006E+00,9.2930E-03,5.5523E-02,0.0000E+00,1.3166E-01,1.3282E-02,9.6236E-04,0.0000E+00,-7.3900E-05,0.0000E+00,0.0000E+00,0.0000E+00,0.0000E+00,1.7144E-04,4.2473E-02
STB,20101103,-121.8205,39.2055,2.1047E-01,1.7191E-01,3.7203E+00,7.8531E-01,7.7667E-02,9.3050E-02,1.8116E-01,3.0195E-01,3.0067E-01,1.2038E-01,2.3017E-02,2.7999E-02,3.3091E-04,7.1996E-04,1.5028E-02,3.4322E-01,1.8243E-01
STB,20101105,-121.8205,39.2055,5.2585E-02,2.1282E-01,-1.0597E+00,3.8999E-02,3.5681E-02,-3.4471E-04,6.5447E-01,2.0522E-02,2.4527E-02,2.4609E-02,3.5535E-02,2.9635E-02,1.3575E-02,1.3352E-02,7.5947E-04,8.7406E-02,2.2812E-02
STB,20101107,-121.8205,39.2055,0.0000E+00,-7.1658E-02,-4.9470E-01,0.0000E+00,-1.3365E-02,8.9400E-08,-1.0907E-01,2.9302E-03,2.7222E-02,-2.9200E-06,2.0256E-02,-3.2300E-05,-1.3100E-05,-1.0149E-04,0.0000E+00,3.4500E-05,1.6717E-02
STB,20101109,-121.8205,39.2055,1.6269E-01,4.7218E-01,-4.4531E-01,-9.1700E-05,6.0981E-01,0.0000E+00,4.8325E-01,0.0000E+00,0.0000E+00,0.0000E+00,0.0000E+00,0.0000E+00,0.0000E+00,0.0000E+00,0.0000E+00,0.0000E+00,-5.7939E-02
STB,20101111,-121.8205,39.2055,6.8984E-01,5.9351E-02,-1.3142E+00,1.7518E-01,4.1568E-04,0.0000E+00,5.8983E-04,9.5383E-04,0.0000E+00,0.0000E+00,0.0000E+00,0.0000E+00,0.0000E+00,0.0000E+00,0.0000E+00,0.0000E+00,5.5753E-02
STB,20101113,-121.8205,39.2055,3.0447E+00,-4.8548E-04,-5.8908E-01,1.1067E-02,0.0000E+00,0.0000E+00,0.0000E+00,0.0000E+00,0.0000E+00,0.0000E+00,0.0000E+00,0.0000E+00,0.0000E+00,0.0000E+00,-1.0700E-05,0.0000E+00,2.1939E-01
STB,20101115,-121.8205,39.2055,7.8438E-01,2.9766E-02,-8.6661E-01,1.9231E-02,0.0000E+00,0.0000E+00,0.0000E+00,0.0000E+00,0.0000E+00,0.0000E+00,0.0000E+00,0.0000E+00,0.0000E+00,0.0000E+00,0.0000E+00,0.0000E+00,2.9397E-01
STB,20101117,-121.8205,39.2055,-1.2859E-01,-1.2001E-02,-3.3590E-01,9.1298E-01,1.8471E-02,6.6103E-03,3.3605E-01,4.8625E+00,4.6723E-03,0.0000E+00,0.0000E+00,0.0000E+00,0.0000E+00,0.0000E+00,7.8372E-03,8.6303E-02,1.5260E-01
STB,20101119,-121.8205,39.2055,0.0000E+00,1.0740E+00,3.0064E-01,4.4332E-04,4.1768E-01,0.0000E+00,1.3183E-04,0.0000E+00,0.0000E+00,0.0000E+00,0.0000E+00,0.0000E+00,0.0000E+00,0.0000E+00,0.0000E+00,0.0000E+00,3.0959E-02
STB,20101121,-121.8205,39.2055,4.8860E-03,5.8240E-01,-4.7627E-02,0.0000E+00,1.1345E-01,0.0000E+00,8.0785E-03,0.0000E+00,0.0000E+00,0.0000E+00,0.0000E+00,0.0000E+00,0.0000E+00,0.0000E+00,0.0000E+00,0.0000E+00,4.7189E-02
STB,20101123,-121.8205,39.2055,0.0000E+00,2.5428E-01,-1.4245E+00,1.8990E-04,4.1650E-02,0.0000E+00,5.5606E-02,1.0131E-03,2.4439E-04,0.0000E+00,0.0000E+00,0.0000E+00,0.0000E+00,0.0000E+00,0.0000E+00,0.0000E+00,2.1867E-01
STB,20101125,-121.8205,39.2055,1.5325E-01,3.6221E-02,-1.0924E+00,2.9482E-01,4.8496E-04,0.0000E+00,2.4248E-04,0.0000E+00,0.0000E+00,0.0000E+00,0.0000E+00,0.0000E+00,0.0000E+00,0.0000E+00,-1.0629E-04,0.0000E+00,-8.2025E-02
STB,20101127,-121.8205,39.2055,1.7944E-02,1.4256E-01,-2.9034E-02,2.4950E-03,1.7914E-02,-1.1548E-03,4.1062E-01,2.0006E-01,2.3312E-01,-2.3772E-03,-1.1596E-03,-9.4700E-05,0.0000E+00,-1.4200E-05,-4.2300E-05,3.9690E-02,1.2363E-01
STB,20101129,-121.8205,39.2055,3.6195E-01,2.3887E-01,-1.9554E+00,7.4409E-01,4.0874E-03,0.0000E+00,6.8793E-03,0.0000E+00,3.7882E-04,0.0000E+00,0.0000E+00,0.0000E+00,0.0000E+00,0.0000E+00,-8.1500E-05,0.0000E+00,1.2666E-01
STR,20101101,-122.4517,37.7553,0.0000E+00,4.8615E-01,0.0000E+00,0.0000E+00,4.2954E-03,0.0000E+00,1.0424E+01,0.0000E+00,0.0000E+00,0.0000E+00,0.0000E+00,0.0000E+00,0.0000E+00,0.0000E+00,0.0000E+00,0.0000E+00,6.6582E-01
STR,20101103,-122.4517,37.7553,6.8936E-01,7.5100E-01,4.0541E+00,6.6493E-01,1.5309E-01,2.4620E-01,1.1902E+01,2.6564E+00,5.1508E-01,1.5111E-01,2.6055E-01,4.1997E-02,-3.3066E-04,-7.1000E-05,2.5733E-03,7.5889E-01,2.2059E+00
STR,20101105,-122.4517,37.7553,-1.5141E-02,7.2422E-02,1.0834E-02,8.2068E-04,5.8375E-03,3.0060E-02,3.2072E-03,-8.7487E-04,-1.4516E-04,3.3139E-03,-3.3714E-04,1.4660E-03,0.0000E+00,5.2100E-05,-2.1000E-06,2.1866E-02,3.8890E-01
STR,20101107,-122.4517,37.7553,0.0000E+00,0.0000E+00,0.0000E+00,0.0000E+00,0.0000E+00,0.0000E+00,0.0000E+00,0.0000E+00,0.0000E+00,0.0000E+00,0.0000E+00,0.0000E+00,0.0000E+00,0.0000E+00,0.0000E+00,0.0000E+00,-1.7740E-01
STR,20101109,-122.4517,37.7553,0.0000E+00,1.1867E-01,0.0000E+00,0.0000E+00,0.0000E+00,0.0000E+00,-1.3263E-04,0.0000E+00,0.0000E+00,0.0000E+00,0.0000E+00,0.0000E+00,0.0000E+00,0.0000E+00,0.0000E+00,0.0000E+00,-1.5744E-01
STR,20101111,-122.4517,37.7553,2.7504E-01,1.6951E-01,9.0026E-01,7.3562E-01,9.3291E-02,1.4188E-02,-2.7710E-01,1.7155E-04,0.0000E+00,0.0000E+00,0.0000E+00,0.0000E+00,0.0000E+00,0.0000E+00,3.1134E-02,0.0000E+00,2.8726E-01
STR,20101113,-122.4517,37.7553,2.3673E+00,2.3339E+00,8.5863E-01,2.4304E-01,2.7471E-01,2.6473E-03,-3.2321E-01,0.0000E+00,0.0000E+00,0.0000E+00,0.0000E+00,0.0000E+00,0.0000E+00,0.0000E+00,6.5807E-03,0.0000E+00,5.5285E-01
STR,20101115,-122.4517,37.7553,1.1625E+00,4.1027E-01,5.0509E-01,4.1937E-02,5.3731E-02,0.0000E+00,-7.3929E-01,0.0000E+00,0.0000E+00,0.0000E+00,0.0000E+00,0.0000E+00,0.0000E+00,0.0000E+00,0.0000E+00,0.0000E+00,3.4811E-01
STR,20101117,-122.4517,37.7553,1.2254E-01,1.0389E+00,3.5913E-01,-8.8779E-03,3.0060E-01,0.0000E+00,4.2516E+00,1.2722E-01,1.1830E+00,0.0000E+00,0.0000E+00,0.0000E+00,0.0000E+00,0.0000E+00,1.2300E-07,2.7391E-04,1.6898E+00
STR,20101119,-122.4517,37.7553,0.0000E+00,5.8935E-01,0.0000E+00,0.0000E+00,0.0000E+00,0.0000E+00,2.1452E-03,0.0000E+00,0.0000E+00,0.0000E+00,0.0000E+00,0.0000E+00,0.0000E+00,0.0000E+00,0.0000E+00,0.0000E+00,5.4445E-01
STR,20101121,-122.4517,37.7553,8.2912E-03,3.2012E-02,7.1168E-04,0.0000E+00,0.0000E+00,0.0000E+00,0.0000E+00,0.0000E+00,0.0000E+00,0.0000E+00,0.0000E+00,0.0000E+00,0.0000E+00,0.0000E+00,0.0000E+00,0.0000E+00,2.9303E-01
STR,20101123,-122.4517,37.7553,0.0000E+00,-2.7240E-01,0.0000E+00,0.0000E+00,0.0000E+00,0.0000E+00,-2.0788E-01,0.0000E+00,0.0000E+00,0.0000E+00,0.0000E+00,0.0000E+00,0.0000E+00,0.0000E+00,0.0000E+00,0.0000E+00,-5.7590E-01
STR,20101125,-122.4517,37.7553,-1.7076E-01,3.0455E-01,7.7864E-01,-2.0425E-02,3.6948E-01,0.0000E+00,4.9226E-01,0.0000E+00,1.0241E-03,0.0000E+00,0.0000E+00,0.0000E+00,0.0000E+00,0.0000E+00,0.0000E+00,0.0000E+00,-2.2316E-01
STR,20101127,-122.4517,37.7553,0.0000E+00,0.0000E+00,0.0000E+00,0.0000E+00,0.0000E+00,0.0000E+00,0.0000E+00,0.0000E+00,0.0000E+00,0.0000E+00,0.0000E+00,0.0000E+00,0.0000E+00,0.0000E+00,0.0000E+00,0.0000E+00,-6.2498E-03
STR,20101129,-122.4517,37.7553,3.8063E-01,2.7195E-01,8.1461E-01,2.4336E-02,1.1559E-01,0.0000E+00,5.0337E+00,8.2905E-04,2.0393E-04,0.0000E+00,0.0000E+00,0.0000E+00,0.0000E+00,0.0000E+00,0.0000E+00,0.0000E+00,2.7669E-01
THD,20101101,-124.1508,41.0545,0.0000E+00,1.6161E-01,-7.0000E-06,0.0000E+00,2.7387E-02,0.0000E+00,2.1389E-03,0.0000E+00,-2.6200E-05,0.0000E+00,0.0000E+00,0.0000E+00,0.0000E+00,0.0000E+00,0.0000E+00,0.0000E+00,-8.3717E+00
THD,20101103,-124.1508,41.0545,4.0542E-01,2.4789E+01,2.7940E-02,0.0000E+00,7.3157E-02,0.0000E+00,1.6277E-02,0.0000E+00,0.0000E+00,0.0000E+00,0.0000E+00,0.0000E+00,0.0000E+00,0.0000E+00,0.0000E+00,0.0000E+00,-1.2592E+01
THD,20101105,-124.1508,41.0545,1.2474E+00,3.5860E+00,1.0503E+00,8.6159E-02,2.5994E-01,5.4255E-04,5.2785E-01,4.6462E-02,3.9305E-02,6.0273E-02,5.4972E-03,6.4261E-02,5.5114E-04,5.2688E-03,2.5278E-04,4.5464E-01,2.5013E+00
THD,20101107,-124.1508,41.0545,0.0000E+00,4.7691E-03,0.0000E+00,0.0000E+00,0.0000E+00,0.0000E+00,0.0000E+00,0.0000E+00,0.0000E+00,0.0000E+00,0.0000E+00,0.0000E+00,0.0000E+00,0.0000E+00,0.0000E+00,0.0000E+00,-2.5249E+00
THD,20101109,-124.1508,41.0545,0.0000E+00,1.1086E-01,2.7207E-02,0.0000E+00,0.0000E+00,0.0000E+00,0.0000E+00,0.0000E+00,0.0000E+00,0.0000E+00,0.0000E+00,0.0000E+00,0.0000E+00,0.0000E+00,0.0000E+00,0.0000E+00,2.1280E-02
THD,20101111,-124.1508,41.0545,5.7902E-01,9.7830E+00,1.0305E-02,0.0000E+00,0.0000E+00,0.0000E+00,0.0000E+00,0.0000E+00,0.0000E+00,0.0000E+00,0.0000E+00,0.0000E+00,0.0000E+00,0.0000E+00,0.0000E+00,0.0000E+00,-7.8726E+00
THD,20101113,-124.1508,41.0545,6.7067E-02,-4.6125E-02,0.0000E+00,0.0000E+00,0.0000E+00,0.0000E+00,0.0000E+00,0.0000E+00,0.0000E+00,0.0000E+00,0.0000E+00,0.0000E+00,0.0000E+00,0.0000E+00,0.0000E+00,0.0000E+00,1.4625E+00
THD,20101115,-124.1508,41.0545,0.0000E+00,-8.2178E-03,0.0000E+00,0.0000E+00,0.0000E+00,0.0000E+00,0.0000E+00,0.0000E+00,0.0000E+00,0.0000E+00,0.0000E+00,0.0000E+00,0.0000E+00,0.0000E+00,0.0000E+00,0.0000E+00,-3.9459E-01
THD,20101117,-124.1508,41.0545,-2.5687E-02,1.7654E+00,0.0000E+00,0.0000E+00,0.0000E+00,0.0000E+00,0.0000E+00,0.0000E+00,0.0000E+00,0.0000E+00,0.0000E+00,0.0000E+00,0.0000E+00,0.0000E+00,0.0000E+00,0.0000E+00,-5.2181E+00
THD,20101119,-124.1508,41.0545,0.0000E+00,0.0000E+00,0.0000E+00,0.0000E+00,0.0000E+00,0.0000E+00,0.0000E+00,0.0000E+00,0.0000E+00,0.0000E+00,0.0000E+00,0.0000E+00,0.0000E+00,0.0000E+00,0.0000E+00,0.0000E+00,-1.2917E+00
THD,20101121,-124.1508,41.0545,0.0000E+00,-4.2066E-03,0.0000E+00,0.0000E+00,0.0000E+00,0.0000E+00,0.0000E+00,0.0000E+00,0.0000E+00,0.0000E+00,0.0000E+00,0.0000E+00,0.0000E+00,0.0000E+00,0.0000E+00,0.0000E+00,6.4775E-01
THD,20101123,-124.1508,41.0545,0.0000E+00,0.0000E+00,0.0000E+00,0.0000E+00,0.0000E+00,0.0000E+00,0.0000E+00,0.0000E+00,0.0000E+00,0.0000E+00,0.0000E+00,0.0000E+00,0.0000E+00,0.0000E+00,0.0000E+00,0.0000E+00,-5.4160E-01
THD,20101125,-124.1508,41.0545,1.9057E-01,1.2701E-01,5.1066E-04,0.0000E+00,9.7200E-07,0.0000E+00,0.0000E+00,0.0000E+00,0.0000E+00,0.0000E+00,0.0000E+00,0.0000E+00,0.0000E+00,0.0000E+00,0.0000E+00,0.0000E+00,-1.9687E+00
THD,20101127,-124.1508,41.0545,0.0000E+00,0.0000E+00,0.0000E+00,0.0000E+00,0.0000E+00,0.0000E+00,0.0000E+00,0.0000E+00,0.0000E+00,0.0000E+00,0.0000E+00,0.0000E+00,0.0000E+00,0.0000E+00,0.0000E+00,0.0000E+00,7.7164E-02
THD,20101129,-124.1508,41.0545,0.0000E+00,1.9257E+00,0.0000E+00,0.0000E+00,0.0000E+00,0.0000E+00,0.0000E+00,0.0000E+00,0.0000E+00,0.0000E+00,0.0000E+00,0.0000E+00,0.0000E+00,0.0000E+00,0.0000E+00,0.0000E+00,-6.0313E+00
VTR,20101101,-117.2903,34.5361,-4.0800E-05,-1.0996E-03,-3.1685E-03,-2.4225E-03,-4.8890E-04,1.8637E-02,-6.5949E-04,-1.2967E-03,2.4954E-04,9.7439E-02,1.5984E-02,1.3591E-02,-3.3800E-05,1.0323E-03,-5.2667E-04,-4.2399E-02,3.5542E-02
VTR,20101103,-117.2903,34.5361,9.2813E-04,5.0531E-04,5.3548E-04,1.9200E-07,2.2429E-04,1.3033E-03,-1.1400E-05,3.8000E-06,-1.7100E-05,4.0376E-01,5.9700E-05,0.0000E+00,0.0000E+00,0.0000E+00,0.0000E+00,7.1882E-03,7.7197E-01
VTR,20101105,-117.2903,34.5361,4.2570E-03,2.8046E-03,4.1832E-03,2.1514E-02,1.0866E-04,5.2704E-04,5.4269E-03,4.7669E-03,5.2621E-03,-6.5402E-02,4.2392E-04,-1.3926E-01,1.2439E-01,4.0473E-01,7.5800E-06,2.0741E-03,7.7878E-01
VTR,20101107,-117.2903,34.5361,7.7659E-03,1.3614E-01,2.9975E-01,1.5603E-01,4.9231E-02,6.6337E-03,3.1740E-01,2.2600E-01,1.2940E-01,-4.3953E-01,7.7361E-01,3.2077E-01,1.3120E-02,6.6875E-03,-1.1200E-05,3.3357E-01,1.5680E-01
VTR,20101109,-117.2903,34.5361,6.0765E-02,1.5805E-03,5.5018E-02,1.0667E-02,6.3299E-03,1.5500E-01,2.0208E-02,2.2396E-02,-5.7100E-06,8.4735E-02,2.6517E-04,7.9494E-04,0.0000E+00,0.0000E+00,-1.4691E-03,1.7262E-01,5.0516E-02
VTR,20101111,-117.2903,34.5361,6.4588E-02,3.1890E-02,2.2034E-02,2.1325E-03,2.1044E-03,6.2409E-02,3.0620E-03,-1.8908E-04,4.9900E-06,1.0272E-01,-1.9663E-04,-6.3300E-05,0.0000E+00,0.0000E+00,3.6500E-05,8.2743E-03,5.4737E-01
VTR,20101113,-117.2903,34.5361,2.6797E-02,-2.0816E-03,-2.8312E-02,6.7252E-02,2.9500E-05,8.4282E-02,3.0869E-04,-5.0500E-05,0.0000E+00,1.3557E-01,0.0000E+00,0.0000E+00,0.0000E+00,0.0000E+00,3.9144E-03,8.2716E-04,9.4533E-01
VTR,20101115,-117.2903,34.5361,1.2398E-01,4.3088E-04,2.5112E-03,9.6451E-02,1.6100E-05,1.9777E-01,0.0000E+00,9.2039E-03,1.1800E-05,3.9197E-01,-2.7638E-04,-5.2308E-03,-8.6733E-04,-2.2581E-03,4.6162E-03,2.3735E-01,5.6627E-01
VTR,20101117,-117.2903,34.5361,5.6855E-02,2.7362E-02,2.8540E-02,5.5472E-02,0.0000E+00,3.5453E-02,5.5400E-06,2.8634E-03,-1.7100E-07,1.3425E-01,2.5763E-04,9.7853E-04,1.9600E-05,2.3000E-05,2.3343E-03,3.9055E-02,2.7934E-01
VTR,20101119,-117.2903,34.5361,1.5977E-02,0.0000E+00,1.2571E-03,9.2667E-03,0.0000E+00,2.4781E-02,-8.6000E-05,-5.2704E-04,3.6305E-04,1.0362E-01,1.9536E-02,1.7541E+00,2.2776E-02,1.5574E-01,4.8753E-04,5.9695E-02,5.2436E-01
VTR,20101121,-117.2903,34.5361,0.0000E+00,0.0000E+00,0.0000E+00,0.0000E+00,0.0000E+00,0.0000E+00,0.0000E+00,0.0000E+00,0.0000E+00,-1.9108E-01,-1.9058E-01,-2.2684E-01,0.0000E+00,0.0000E+00,0.0000E+00,-1.4603E-03,5.6155E-03
VTR,20101123,-117.2903,34.5361,0.0000E+00,5.3627E-04,2.3000E-05,1.2000E-05,4.1700E-06,2.1300E-06,8.0626E-03,1.5945E-03,5.3876E-02,-2.9858E-01,2.6658E-01,-2.2108E-01,0.0000E+00,1.8000E-05,0.0000E+00,9.6057E-02,5.1921E-02
VTR,20101125,-117.2903,34.5361,-1.6761E-02,-1.3357E-02,-1.7307E-02,2.7838E-02,-9.0100E-05,1.1912E-01,0.0000E+00,4.1240E-04,0.0000E+00,1.9703E-01,0.0000E+00,0.0000E+00,0.0000E+00,0.0000E+00,1.1543E-03,5.9525E-03,1.5723E-01
VTR,20101127,-117.2903,34.5361,8.4268E-03,-5.7861E-04,-6.4576E-03,3.1083E-03,-4.3348E-04,-2.6595E-04,-1.1409E-03,2.5701E-03,4.6212E-03,-3.9762E-01,1.7231E-02,-1.7961E-01,-5.1170E-03,-1.0252E-02,1.8736E-04,2.9038E-02,-2.6142E-02
VTR,20101129,-117.2903,34.5361,7.1635E-02,3.8620E-03,4.5433E-03,-2.0548E-02,1.4400E-06,4.0575E-02,2.7300E-05,1.9200E-05,0.0000E+00,5.4413E-02,0.0000E+00,0.0000E+00,0.0000E+00,0.0000E+00,-1.7574E-03,8.5512E-04,2.6962E-01
WGC,20101101,-121.4911,38.265,0.0000E+00,4.0451E-02,2.6434E+00,1.2370E-02,2.8937E-01,0.0000E+00,8.0715E-02,9.9728E-04,1.6705E-03,0.0000E+00,0.0000E+00,0.0000E+00,0.0000E+00,0.0000E+00,0.0000E+00,0.0000E+00,5.3965E-02
WGC,20101103,-121.4911,38.265,1.8864E-01,1.5328E-01,1.0439E+01,1.9536E+00,2.9370E-02,2.5641E-01,3.0274E-01,2.7529E-01,7.5189E-02,1.7259E-01,9.8824E-02,3.4463E-02,-6.5200E-05,-3.7400E-05,2.2723E-02,5.4579E-01,1.5845E-01
WGC,20101105,-121.4911,38.265,2.2984E-01,5.6182E-01,2.6889E-03,1.8811E-01,1.2451E-01,4.9380E-02,1.7793E+00,2.5048E-01,5.1984E-01,1.8532E-01,5.5334E-01,1.7120E-01,3.8984E-02,4.2465E-02,4.4911E-04,5.9526E-01,7.6147E-01
WGC,20101107,-121.4911,38.265,0.0000E+00,5.9546E-03,-1.6447E-01,0.0000E+00,1.6407E-03,0.0000E+00,-3.1861E-01,0.0000E+00,9.5626E-02,-4.6000E-07,4.8201E-02,-1.0300E-05,0.0000E+00,0.0000E+00,0.0000E+00,0.0000E+00,2.3214E-02
WGC,20101109,-121.4911,38.265,-1.1647E-03,3.4685E-01,1.5707E-01,-3.5693E-04,1.9230E-01,0.0000E+00,1.5378E+00,1.7658E-03,0.0000E+00,0.0000E+00,0.0000E+00,0.0000E+00,0.0000E+00,0.0000E+00,0.0000E+00,0.0000E+00,1.8757E-01
WGC,20101111,-121.4911,38.265,1.5629E-01,8.3480E-02,-4.0399E-01,1.1618E+00,3.1440E-03,1.3586E-01,1.3544E-03,-3.6446E-01,5.0837E-04,0.0000E+00,0.0000E+00,0.0000E+00,0.0000E+00,0.0000E+00,4.9392E-02,2.0949E-03,3.9721E-01
WGC,20101113,-121.4911,38.265,3.1674E-01,1.5925E-02,1.2275E+00,2.2432E+00,-3.0807E-04,1.1015E-01,0.0000E+00,-3.6254E-02,0.0000E+00,0.0000E+00,0.0000E+00,0.0000E+00,0.0000E+00,0.0000E+00,1.0825E-01,0.0000E+00,8.2871E-01
WGC,20101115,-121.4911,38.265,7.1237E-01,2.4034E-02,-7.7086E-01,4.3364E-01,0.0000E+00,0.0000E+00,0.0000E+00,0.0000E+00,0.0000E+00,0.0000E+00,0.0000E+00,0.0000E+00,0.0000E+00,0.0000E+00,8.1890E-03,0.0000E+00,2.8219E-01
WGC,20101117,-121.4911,38.265,-6.3977E-02,5.7870E-02,3.4734E+00,4.8759E-01,4.4884E-02,3.7248E-03,1.2809E+00,-6.9045E-01,5.6228E-02,0.0000E+00,0.0000E+00,0.0000E+00,0.0000E+00,0.0000E+00,4.3462E-03,-2.2822E-03,2.1625E-01
WGC,20101119,-121.4911,38.265,0.0000E+00,6.8422E-01,2.4360E-01,0.0000E+00,2.9517E-03,0.0000E+00,2.0297E-01,0.0000E+00,0.0000E+00,0.0000E+00,0.0000E+00,0.0000E+00,0.0000E+00,0.0000E+00,0.0000E+00,0.0000E+00,2.5377E-01
WGC,20101121,-121.4911,38.265,1.5114E-04,4.1327E-01,-2.5442E-01,0.0000E+00,-1.9272E-02,0.0000E+00,-5.9644E-01,0.0000E+00,0.0000E+00,0.0000E+00,0.0000E+00,0.0000E+00,0.0000E+00,0.0000E+00,0.0000E+00,0.0000E+00,2.2114E-01
WGC,20101123,-121.4911,38.265,0.0000E+00,1.4232E-02,-1.6372E-01,0.0000E+00,-1.9532E-03,0.0000E+00,-4.2414E-01,-5.2846E-01,3.3863E-02,0.0000E+00,0.0000E+00,0.0000E+00,0.0000E+00,0.0000E+00,0.0000E+00,3.3650E-03,3.1768E-02
WGC,20101125,-121.4911,38.265,-2.8292E-01,6.4112E-02,2.3726E+00,3.5350E-01,1.1301E-02,0.0000E+00,7.9762E-02,-2.0323E+00,0.0000E+00,0.0000E+00,0.0000E+00,0.0000E+00,0.0000E+00,0.0000E+00,1.5354E-03,0.0000E+00,1.0928E-02
WGC,20101127,-121.4911,38.265,-2.6109E-03,3.1348E-02,7.9691E-03,1.7076E-04,2.5886E-03,-8.6384E-04,3.6873E-01,4.8558E-01,4.8846E-01,-3.5228E-04,4.1937E-03,-3.5038E-04,0.0000E+00,0.0000E+00,-9.8600E-05,6.3414E-02,1.0464E-01
WGC,20101129,-121.4911,38.265,-2.0583E-02,4.6013E-02,2.6133E+00,6.8199E-01,1.9549E-02,0.0000E+00,3.2343E-03,-2.3948E-01,5.5343E-03,0.0000E+00,0.0000E+00,0.0000E+00,0.0000E+00,0.0000E+00,2.9643E-03,7.3610E-04,6.4201E-02
